{"meta": {"version": "7.3.2", "timestamp": "2023-11-20T20:03:57.962197", "branch_coverage": false, "show_contexts": false}, "files": {"application/__init__.py": {"executed_lines": [1, 2, 3, 4, 5, 6, 8, 9, 11, 12, 13, 16, 17, 18, 19, 26, 27, 30, 31, 32, 33, 34, 35, 36, 37, 39, 40, 41, 42, 44, 45, 46, 47, 49], "summary": {"covered_lines": 34, "num_statements": 38, "percent_covered": 89.47368421052632, "percent_covered_display": "89", "missing_lines": 4, "excluded_lines": 0}, "missing_lines": [21, 22, 23, 24], "excluded_lines": []}, "application/controllers/EventController.py": {"executed_lines": [1, 2, 4, 5, 6, 7, 9, 10, 11, 20, 21, 32, 33, 34, 36, 37, 38, 40, 42, 46, 47, 48, 49, 55, 56, 57, 59, 60, 61, 62, 71, 72, 73, 74, 77, 78, 79, 82, 83, 84, 88, 89, 90, 91, 93, 94, 96, 103, 104, 105, 106, 107, 108], "summary": {"covered_lines": 53, "num_statements": 75, "percent_covered": 70.66666666666667, "percent_covered_display": "71", "missing_lines": 22, "excluded_lines": 0}, "missing_lines": [43, 44, 50, 51, 52, 53, 64, 65, 66, 67, 68, 69, 85, 86, 98, 99, 100, 101, 110, 111, 112, 113], "excluded_lines": []}, "application/controllers/UserController.py": {"executed_lines": [1, 2, 3, 4, 5, 6, 8, 9, 18, 19, 20, 22, 23, 24, 25, 27, 28, 29, 32, 36, 37, 39, 40, 41, 43, 44, 45, 47, 48, 50, 51, 53, 54, 55, 60, 62, 63, 67, 68, 69, 70, 71, 72, 73, 75, 76, 77, 78, 79, 81, 82, 84, 85, 87, 89], "summary": {"covered_lines": 55, "num_statements": 62, "percent_covered": 88.70967741935483, "percent_covered_display": "89", "missing_lines": 7, "excluded_lines": 0}, "missing_lines": [64, 65, 90, 91, 92, 93, 94], "excluded_lines": []}, "application/controllers/WeatherController.py": {"executed_lines": [1, 2, 4, 5, 7, 19], "summary": {"covered_lines": 6, "num_statements": 28, "percent_covered": 21.428571428571427, "percent_covered_display": "21", "missing_lines": 22, "excluded_lines": 0}, "missing_lines": [8, 9, 10, 12, 14, 15, 16, 17, 20, 21, 22, 23, 25, 26, 27, 29, 30, 32, 33, 34, 35, 36], "excluded_lines": []}, "application/controllers/__init__.py": {"executed_lines": [0], "summary": {"covered_lines": 0, "num_statements": 0, "percent_covered": 100.0, "percent_covered_display": "100", "missing_lines": 0, "excluded_lines": 0}, "missing_lines": [], "excluded_lines": []}, "application/controllers/tflController.py": {"executed_lines": [1, 3, 4, 5, 9, 10, 11, 12, 13, 14], "summary": {"covered_lines": 10, "num_statements": 10, "percent_covered": 100.0, "percent_covered_display": "100", "missing_lines": 0, "excluded_lines": 0}, "missing_lines": [], "excluded_lines": []}, "application/models/Attendees.py": {"executed_lines": [1, 2, 3, 7, 8, 9, 10, 11, 12, 13, 14, 15, 16, 19, 20, 21, 22, 23, 24, 25, 26, 27, 28, 30, 31, 32, 33, 34, 35, 36, 37, 38, 39, 40, 43, 45, 46, 47, 49, 50, 51, 52, 53, 55, 56, 57, 58, 60, 61, 62, 63, 64, 65, 67, 68, 69, 70, 71, 72, 73, 74], "summary": {"covered_lines": 61, "num_statements": 61, "percent_covered": 100.0, "percent_covered_display": "100", "missing_lines": 0, "excluded_lines": 0}, "missing_lines": [], "excluded_lines": []}, "application/models/Errors.py": {"executed_lines": [1, 2, 3, 5, 6, 7, 9, 10, 11, 13, 14, 15, 17, 18, 19, 21, 22, 23], "summary": {"covered_lines": 12, "num_statements": 12, "percent_covered": 100.0, "percent_covered_display": "100", "missing_lines": 0, "excluded_lines": 0}, "missing_lines": [], "excluded_lines": []}, "application/models/Events.py": {"executed_lines": [1, 2, 3, 5, 6, 8, 9, 10, 11, 12, 13, 14, 15, 19, 20, 21, 22, 23, 24, 25, 26, 28, 29, 32, 33, 34, 35, 36, 37, 38, 40, 41, 42, 43, 44, 45, 46, 48, 50, 51, 52, 53, 55, 56, 57, 59, 60, 61, 62, 63, 64, 65, 66, 68, 69, 70, 75, 76, 77, 78, 80, 81, 82, 83, 84, 85, 89, 90, 91, 92], "summary": {"covered_lines": 70, "num_statements": 70, "percent_covered": 100.0, "percent_covered_display": "100", "missing_lines": 0, "excluded_lines": 0}, "missing_lines": [], "excluded_lines": []}, "application/models/TfL.py": {"executed_lines": [1, 2, 3, 4, 5, 7, 8, 9, 10, 12, 15, 16, 17, 18, 20, 21, 22, 23, 27, 28, 29, 30, 31, 32, 33, 34, 35, 36, 37, 38, 39, 40, 41, 43, 44, 45, 54, 56, 57, 58, 59, 60, 61, 62, 63, 64, 65, 66, 67, 68, 69, 70, 71, 72, 73, 75, 76, 77, 78, 80, 81, 82, 96], "summary": {"covered_lines": 63, "num_statements": 65, "percent_covered": 96.92307692307692, "percent_covered_display": "97", "missing_lines": 2, "excluded_lines": 0}, "missing_lines": [13, 25], "excluded_lines": []}, "application/models/Token.py": {"executed_lines": [1, 2, 4, 5, 6, 7, 9, 10, 11, 14, 15, 17, 18, 19, 20, 21, 22, 23, 24, 25, 26, 27, 28, 29, 30, 31, 32, 33, 34], "summary": {"covered_lines": 29, "num_statements": 29, "percent_covered": 100.0, "percent_covered_display": "100", "missing_lines": 0, "excluded_lines": 0}, "missing_lines": [], "excluded_lines": []}, "application/models/User.py": {"executed_lines": [1, 2, 3, 6, 7, 8, 9, 10, 11, 12, 13, 15, 16, 17, 18, 19, 20, 21, 23, 24, 26, 27, 33, 34, 35, 36, 37, 38, 39, 40, 42, 43, 44, 45, 46, 47, 48, 50, 51, 52, 53, 54, 55, 56, 58, 59, 60, 61, 63, 64, 65, 66, 68, 69, 70, 71, 72, 73, 74], "summary": {"covered_lines": 59, "num_statements": 59, "percent_covered": 100.0, "percent_covered_display": "100", "missing_lines": 0, "excluded_lines": 0}, "missing_lines": [], "excluded_lines": []}, "application/models/Weather.py": {"executed_lines": [1, 2, 3, 4, 5, 7, 10, 12, 13, 14, 15, 17, 18, 19, 20, 22, 23, 24, 25, 27, 39, 40, 41, 42, 43, 44, 45, 47, 49, 50, 51, 52, 54, 56, 57, 58, 59, 61, 74, 76], "summary": {"covered_lines": 40, "num_statements": 40, "percent_covered": 100.0, "percent_covered_display": "100", "missing_lines": 0, "excluded_lines": 0}, "missing_lines": [], "excluded_lines": []}, "application/routes/events.py": {"executed_lines": [1, 2, 3, 5, 9, 10, 11, 13, 14, 15, 17, 18, 19, 20, 22, 24, 25, 26, 28, 29, 30, 32, 33, 34], "summary": {"covered_lines": 24, "num_statements": 24, "percent_covered": 100.0, "percent_covered_display": "100", "missing_lines": 0, "excluded_lines": 0}, "missing_lines": [], "excluded_lines": []}, "application/routes/tfl.py": {"executed_lines": [1, 2, 3, 5, 9, 10, 11, 13, 14, 15], "summary": {"covered_lines": 10, "num_statements": 10, "percent_covered": 100.0, "percent_covered_display": "100", "missing_lines": 0, "excluded_lines": 0}, "missing_lines": [], "excluded_lines": []}, "application/routes/users.py": {"executed_lines": [1, 2, 3, 5, 11, 12, 13, 15, 16, 17, 19, 20, 21, 22, 23, 24, 26, 27, 28, 30, 31, 32, 34, 35], "summary": {"covered_lines": 24, "num_statements": 25, "percent_covered": 96.0, "percent_covered_display": "96", "missing_lines": 1, "excluded_lines": 0}, "missing_lines": [36], "excluded_lines": []}, "application/routes/weather.py": {"executed_lines": [1, 2, 3, 5, 11, 12, 13, 15, 16, 19, 20], "summary": {"covered_lines": 11, "num_statements": 13, "percent_covered": 84.61538461538461, "percent_covered_display": "85", "missing_lines": 2, "excluded_lines": 0}, "missing_lines": [17, 21], "excluded_lines": []}}, "totals": {"covered_lines": 561, "num_statements": 621, "percent_covered": 90.33816425120773, "percent_covered_display": "90", "missing_lines": 60, "excluded_lines": 0}}